Sample,L2 Error,H1 Error,Relative L2 Error
0,2.2897627851961153,2.256872406944508,1.056291137280017
1,2.338301792608702,1.950640814672581,0.7071421666390134
2,1.6861913218953022,1.713701132532719,0.582542911916425
3,0.5662960897426262,0.8354856213265229,2.594798308698681
4,2.078630107712441,1.2111714249560699,0.9058837287267005
5,0.1494248091969968,0.21813946391497097,2.3199057087952095
6,1.4245861007451652,1.5726049060891134,0.45901396056864574
7,1.4126409545367093,2.0916245377256066,2.3819251608946743
8,1.8179019378735812,2.694893998092974,1.8422567273455246
9,0.27959224706311075,0.405861725399351,2.2461770466693163
10,1.5773296719577012,1.7646213146658989,0.7709173530242105
11,1.7956030088063621,1.2901859725660765,0.9886076850550877
12,0.5401266585701903,0.5678464245252337,1.2882895313159846
13,1.8472547696258208,2.7523678779367673,2.113708102371048
14,0.06896944078342426,0.10147022153940786,3.213219907858841
15,1.8755043577741903,1.7279002575176825,0.6446687573730161
16,0.42743359513990964,0.4394670909210513,1.272851422842073
17,2.051515424930136,2.5007409861472403,1.3786346695519116
18,0.46562880316937344,0.4960961697259619,1.3076383362541715
19,1.1851781190898498,1.2918245620562925,1.2824015395887813
20,1.1046229405799046,1.6339256375358933,2.6147442039100333
21,1.5223307497216703,2.2125658550008502,1.9255924557630866
22,1.8812350828737234,1.8934030355756293,0.7926647685964977
23,0.07801806986038477,0.07391782564238324,1.3470114139361182
24,1.630261132682847,2.006170154297013,1.84761397762804
25,2.613199708672336,1.9195979456519947,0.7185902948872853
26,20.338154383196393,7.472358059304538,0.8476090427112157
27,2.2912773615572597,1.6373866521100504,0.5604077802104263
28,2.0620770145559773,2.0398631937349094,1.002146795588557
29,2.328675249570916,1.798892251167314,0.4103720542890264
30,1.6751726594181322,2.5276532210919704,1.2674269226055026
31,0.9790547393502957,0.7645266084552071,0.26944954281532507
32,0.19544752238299568,0.2053645539176427,1.2984258817458814
33,6.799509920053238,4.006288504892941,0.71431198919509
34,1.6653201910635462,1.7649191281026149,1.142351917415898
35,2.227679168207342,1.6353594642514988,0.6050290937586876
36,4.144286520108801,3.2318730969694376,0.5644678224179578
37,1.0809062547186339,1.5778349554041018,2.1735458202208977
38,1.3539179109438904,1.6457187577269667,1.7740638550618653
39,2.095786191609577,1.7669586758449185,1.0581257683046188
40,2.321124142796591,2.216845953994081,1.050865409732545
41,1.9718342066524523,2.3367874839934517,1.0225542528069103
42,1.6291558552838843,2.409040608886337,2.10604216339008
43,4.3945325135817095,1.9498241011549746,0.7047422137136476
44,2.684689511140685,1.6922230732257617,0.6769372258562169
45,1.2782096085499297,1.8345252161587244,1.9718755429772084
46,1.7488406608431473,2.1475789449684295,1.093569019067587
47,2.2390484932483314,1.6171528411666143,0.6229965246367996
48,0.05244881335571571,0.0772208393708977,3.145806669579724
49,2.1869232446600373,1.492001712285486,0.41674810217155067
50,1.9203824848018776,2.871956623583336,1.8195939764406308
51,1.2762544537172358,0.8519585937889069,0.9863402848965936
52,1.5481478539101556,1.9319809489382205,1.0500528836843925
53,2.4686511583313204,2.2713955246417337,0.8694000943210141
54,1.5901903096052055,1.7736334375651852,0.5756206477597027
55,1.8010692125481493,2.6624206592011403,1.7879452633105968
56,2.490558607059124,1.8706299418186259,0.8823164799684726
57,2.4133233207033755,2.226154891738023,0.9264051106619705
58,1.5469535889934078,2.2133791315535936,1.8086368131511374
59,1.1383227915597276,1.4495571293075107,0.4856016502616038
60,19.86116323741072,7.319077988980589,0.8466446861268448
61,1.5216131706222853,1.121567426129649,0.526756918223873
62,0.7162734401736964,0.8624611395876212,1.7740308453913525
63,1.8696119983170012,2.284302045613712,1.6080761243582864
64,1.5022106656326835,1.4271483941941976,1.2855405441417767
65,2.5130387618985774,1.9046738119611193,0.45965061838697135
66,1.4446036567550804,2.139378485296359,1.0370103840684675
67,3.2370268071824824,1.465146191246015,0.6461932966987485
68,2.329829887407311,1.708877936759492,0.5608972706421854
69,0.9384505769950567,1.303767916029708,1.9768731946692004
70,0.760794022794986,0.5152716977621675,1.0065383184860488
71,2.4929575622020037,2.4420399766199723,0.9716559114044993
72,3.048075574664599,1.8640781316658093,0.7226219273454925
73,1.1379481049501903,1.1574865472146323,0.4108924684520855
74,1.5495287922061611,2.176135895735968,1.7480515703385355
75,1.7633469682174694,1.7970460710071525,0.8117226094053583
76,1.019019860630596,1.4750740721101148,2.109568806989706
77,1.4749916404282775,2.1024473495712437,1.8439163582186928
78,2.401223086716531,2.4303173240702183,0.9148510303008937
79,0.8091687064535248,1.1569155911333446,2.0815360926785815
80,1.4722440863026027,2.050797146546516,1.7894954530449034
81,1.9858838096875853,2.12094017972699,0.6919853590182737
82,1.808007548353523,2.673698236632177,1.6104564068321936
83,1.2597460498604203,1.8648813803264257,2.684804830828
84,1.3291972080968284,1.9685529026709438,2.519399263304688
85,0.6357605496501321,0.7784001272954731,2.0347200378452994
86,0.6969803154656684,0.7962228884055069,1.4494282971728965
87,0.8200041352429787,1.012328243697184,2.0883879966649843
88,1.5672222731442758,1.7415891703848037,0.5223078871240769
89,0.009768618981996723,0.01364875760288711,2.0754071919559047
90,2.1750071480227637,1.6034324657749792,0.6149382907588813
91,0.6252057200415055,0.9230875656123126,2.6686169610751276
92,0.18301963343455616,0.1374133716601025,1.0665750858009586
93,6.707487957441639,4.126421311095265,0.6617850378936895
94,2.376228190313512,2.3722907461072444,1.0077847667561322
95,2.2018437728699345,1.6873899088735815,0.7022042975396253
96,1.7145142294343372,2.5528049044359524,1.345903212837289
97,1.8903235818246438,1.9929877166525256,1.0031846059087903
98,1.054695089532574,1.5589896422219836,2.823222579456345
99,0.809395939687496,0.7760928730426865,1.3096056634812612
100,0.009155046250703232,0.006325751629993292,1.022540607935693
101,1.6113878563503248,1.9589239508981646,0.7229213084328273
102,1.866056715379789,2.33830926698179,1.125248513434707
103,1.9291870055010034,2.884333845288525,1.9132885192895273
104,2.0400568395811183,1.4953975783083922,0.6187630019281708
105,1.7918726723365124,2.6792330025205406,1.4563985974381888
106,3.340476036135369,2.674925611974618,0.5120938966342719
107,1.4920031448081656,2.212835725574371,2.5419356541548908
108,0.6956017353266656,1.0266211478720415,2.926720228863614
109,0.2888336493276492,0.24815307101324463,0.07532100440821599
110,0.38699708087955065,0.5537904256593703,2.138807385468216
111,2.4751364620935616,2.318668082554656,0.8880730467057555
112,1.8768774121372045,2.2781267647871566,0.9208851603590978
113,1.8836037926712628,2.221922411834842,1.3102474945840794
114,1.9170869404166506,2.873711338712506,1.7141428915302401
115,2.5859702428366713,1.837664959292084,0.7169530450634252
116,1.2249099339208789,1.7692834085666747,0.8464086505794635
117,2.8651533149149335,2.0800361248161785,0.7730403424681587
118,2.100038546227311,1.9830667506891653,0.67939891394588
119,1.6621928179210437,1.9774000262956026,1.0609630664929472
120,2.1344928146988837,2.093772890951667,1.175395732750203
121,1.7455109414043433,1.9252554156918285,0.7633626763588063
122,1.9492414988097198,1.5288332772294835,1.022573293241016
123,1.5982892320739688,2.371799257412127,1.197878839998179
124,1.836997667698667,2.730903191873142,1.9280360541681354
125,1.6707007236983125,1.7893431389750123,0.6978643497832099
126,0.06402144894414315,0.09261576093642249,2.2229197287102136
127,1.7499095788592613,2.5504460596961374,1.5725346208446824
128,1.2020036062453312,1.154712079861747,1.3195649472090862
129,2.3711652102653864,1.447071263150385,0.8763582700719287
130,1.024576069510362,1.1265995989898652,0.3738679579692166
131,2.368106325633174,1.88313032451872,0.6479864848688965
132,0.48909591661091234,0.42812058106118606,1.2048420807123914
133,1.6031947680230072,1.6003520578637591,0.5725058837631142
134,0.32500833837286247,0.4782956492862203,2.4933426191384838
135,0.10515382592835529,0.15465684117462286,3.2413928957067686
136,2.434158106219858,2.185024754907439,0.850210448989315
137,7.286851992324694,4.124760344383425,0.726279741344232
138,1.3007193898371718,1.9232577358399163,0.9085495929182169
139,1.275272956951156,1.5862011043000126,0.5745530320181128
140,2.117768404346018,2.633820355003038,1.4364474067210145
141,1.2531919704789518,1.8553171876992591,2.6305156763630166
142,1.845079615024497,1.036622762935905,0.9191636716004327
143,1.6063916503298634,2.402159829478254,1.2001975846723079
144,0.7567296589184943,0.8625457385414024,0.2994299191300293
145,0.632539754743333,0.40923535780230486,0.9916231473175762
146,4.240198051379357,2.512579019542174,0.6821793432276227
147,0.4323501022455624,0.45926104732013723,1.3050247951208798
148,1.7028950594562733,2.531516579152323,2.354315974790942
149,2.579108991374935,1.9475987081311716,0.7659332479741943
150,1.5035178166729917,1.6878318169184023,0.5433685955216696
151,1.152585978244609,1.2383819882479807,0.4317405888329651
152,2.168849753657434,2.2683447054444725,0.8124225325105149
153,0.6680268938513693,0.6287182807712803,0.2538675536950591
154,1.9565752459295755,1.9469764213933725,0.6400243684684331
155,2.3562937684248273,2.198294498931284,0.3698787858256831
156,1.4600346477056303,1.9050190716403392,1.83615474554641
157,1.7611660459531977,1.8747183215674292,1.089933385645676
158,6.3506035128047085,3.1044039524036173,0.6406809138271217
159,2.4211239510973335,2.4233354021609106,0.9984977003811476
160,0.8349547943174994,1.2335930406363256,2.783189244973027
161,1.3671639098503452,1.9896632302994752,0.9668472412642123
162,1.9783183824929766,2.4941383940190005,1.2505525460151194
163,3.888089561041469,2.3869848791990633,0.7238179546238894
164,4.743008100078387,2.887787148914493,0.6155123548326498
165,0.15154284407421165,0.16817041943421343,1.3890210896824955
166,1.6721672634194356,1.9214662376533587,1.3031823754590486
167,1.5833776665354276,2.391005774471702,1.166024205218
168,1.3462956003435795,1.9239834366366644,0.9475926541377165
169,1.7992844642425205,2.6565655911538926,1.599909520124658
170,1.4276397547779287,1.1849096420202114,0.5050593600257859
171,2.1524748494834935,1.559502424131282,0.6288881106140596
172,1.3588269231549686,0.8028432472105083,0.3624092756955546
173,4.851711709821992,2.950878638435968,0.6119623279648136
174,1.9713743769113616,2.2888629993171277,1.0815219650332262
175,2.1223292500061226,2.2111242171956427,0.8015547401119766
176,1.7521689920163215,0.7968062027370914,0.4396579145852174
177,0.1818722195478161,0.2676477670355809,3.191102368435229
178,2.4552726358843344,2.4026261353429983,0.9079118095862349
179,0.6800247031331296,0.9076234301635658,2.0046985350125133
180,2.104134243016077,2.608047855677896,1.4720415596053817
181,2.283319697798812,1.8589360006806923,0.3867189993973882
182,1.4571496512692717,1.2120098006576354,0.4216942621272235
183,1.8695812813793817,1.3611488700950476,0.6012265083456267
184,1.8754211857103509,2.056409113976202,0.6790245734511987
185,5.901405634858634,3.02402500918781,0.6312459605231335
186,0.3304701056006527,0.4874071549390915,2.959005484986904
187,6.1653715246463,3.9248580559280613,0.597802242234485
188,0.19792888840132636,0.21146324372930406,1.3190447233767777
189,2.447845800057183,1.7311293432268795,0.5241258860105152
190,7.682373555347611,4.21953706959156,0.7353651787959182
191,3.9038596039434594,2.961777250643777,0.5526353889464092
192,4.393078583924087,2.2014049117043273,0.7151655087876945
193,0.8630908069666738,1.136406939345232,1.9881959452892777
194,1.8500365845507838,1.7882056749035335,1.1982993545962308
195,4.3353877796266485,1.8230519404752794,0.694451238688155
196,1.6619249310595219,1.7220994905057443,0.5862368615858989
197,1.732884351798898,1.7123342364078669,0.5942916154627724
198,1.1534080262808777,1.6146874793603718,0.7895819858906644
199,3.3490932987416735,2.7145506115000204,0.5081750682485326
200,0.795521401158759,0.9626357917249085,1.8263136450324116
201,3.390096302341815,2.348244030365089,0.7032256411185065
202,2.2069961369276885,1.8869547855688855,0.6880788263934112
203,0.21061225622635313,0.1279898618414173,0.9766943738991996
204,0.19054803937711765,0.2809140493540006,3.007392917735873
205,1.2679603548393819,1.499323877851959,0.5177256628759582
206,1.5269705875909865,2.26213824608759,2.2960321836219157
207,1.88000722689275,2.171990788619223,1.215757085312971
208,1.9375056586043573,1.745779296068933,0.6555766563350697
209,1.7120703479841106,1.8879979969339045,0.9005406000938017
210,4.74352186325026,1.9979534600903754,0.6983531195327725
211,2.357580689529139,1.4947879175960201,0.6635863912177269
212,2.325462906207079,2.385234062846949,0.8887314049737466
213,2.0946139746605223,2.0368067437865385,1.191456625345921
214,2.3122869943507,1.2268135909068787,0.6066345126483838
215,2.099503226713433,1.4666502060867102,0.3812512494202164
216,2.008946398898659,2.42805516699698,1.0750669507047337
217,4.487678295322205,1.930250020159805,0.7008000973872309
218,1.990854762726863,1.2760757516048422,0.5468685833720546
219,1.662367297863871,2.4419613632709867,1.293485424991249
220,0.14897190416640513,0.21584122535682385,2.234280295382178
221,1.8200246059637069,2.3326579669801726,1.6428791332286288
222,1.8744002707513603,2.0268296772535224,1.0499136584220916
223,1.8101467665755422,1.9273295131768315,0.9740381467704526
224,1.7085915191550298,1.822391705709908,1.133525964707734
225,11.908593899398959,5.365048743853684,0.7893344289570376
226,1.606274264100429,1.7530456389817342,0.5678051155183864
227,2.765979550898254,2.0120242144419196,0.658259313553823
228,7.3436685719068855,4.089317224135484,0.7434008869196651
229,0.39785283464195365,0.5363188946526424,2.0299383658526065
230,1.4775161920690612,1.6499865078083054,0.4976996393543052
231,2.3159932236256147,2.083147270717804,1.0745246780400997
232,1.1992191684376552,1.5866874110786726,1.9080673391120666
233,1.567801344540331,1.504182231493105,1.292017484557864
234,1.589275530323146,1.5877553890733394,1.139130266175041
235,0.7154417246629298,1.0125628929569424,2.0579713383965204
236,0.14426637413107243,0.20783600421724763,2.190411272126292
237,0.932751645360859,0.9851040427842188,0.27124075845860274
238,1.7107413279528616,2.305110549298583,1.4159646396561891
239,2.064895237625068,2.5991831098218894,1.3903587493676235
240,0.709846044849098,0.7680700297385703,0.2617645161270641
241,1.6594913696605287,1.7752546889030436,1.0726180331450226
242,4.393152071707881,2.22706603368298,0.7149816368416064
243,1.649160818696341,2.1455231237039825,1.1841400808080131
244,1.6963543130448668,1.8592748114340505,0.7260046175637676
245,0.062014622983390416,0.0748512728203181,1.8416551743848404
246,0.2896223372603279,0.4262799964118824,2.5025553692060405
247,1.8660927344710445,2.7816968265326993,1.6824557203150157
248,3.738360655997067,2.453246576281302,0.6893727639183681
249,1.6899617271049618,2.361921223983664,1.4352092883682797
250,3.8102481518567655,2.480832077644918,0.6795456238908466
251,0.6824966399493192,0.9260491022728523,2.0020066929525955
252,1.905258140098254,2.3979056105473435,1.0525666938695113
253,3.4302547695325445,2.5030354444903655,0.5744160187897391
254,1.6705510489825641,2.0568117727837487,1.0967445186959277
255,1.6235301884660305,1.028710175725525,0.4269369195998005
256,2.2091342449928373,1.4606903289507531,0.469739472310567
257,1.8795119391444777,1.817506289336573,1.1856943879417399
258,0.972197925691772,0.4558014987649774,0.2518378586685016
259,16.106134971484988,6.136895709154143,0.8381593255712425
260,1.864768706445774,2.126487656004726,1.1808846083382694
261,0.1593903497427477,0.2350341271942414,2.975353020306466
262,1.41361160603737,1.7360264544276476,1.9087241477939083
263,1.6757189619043764,2.0071487012882785,0.9120727754420677
264,0.8852458536249328,0.8442415291503041,1.3380403181212046
265,0.4501758679835038,0.42853700114068904,1.351117928410304
266,1.4835092434124835,2.1784235502516704,1.077243412848702
267,4.421716885969536,1.825814489112147,0.6923784739534361
268,2.072829274459051,1.1474601739994201,0.9040790316129725
269,4.158120848853037,2.2983384267454627,0.723604185457835
270,1.7024902416070433,2.4556859334349466,1.653704835396958
271,1.1389096010378772,1.0920831324734437,0.4105974605058252
272,1.2599605219600467,1.3209049864557258,1.2206468740055847
273,2.1157809689998377,2.1172556579091113,0.8601348222552389
274,1.8607024543195945,1.875473641255375,1.0379650186480427
275,1.697061931206049,1.977360508376799,1.044443318108549
276,1.8459817619600905,1.686768108954402,0.6055908091430563
277,0.4905251017441598,0.6537985890113049,2.0255345581672475
278,0.037916573524795216,0.046969646868246055,2.1431937485881476
279,1.2837857585652357,1.2108446552112075,0.5087902375537526
280,1.5638960641536412,1.8430932697691338,1.0305114323900264
281,1.8783243607127482,2.2523825178089116,1.4200166141664214
282,1.617407726864564,2.4377554425227204,1.2040727229902353
283,1.9538553945229677,2.347343275586857,1.3727633158277601
284,0.9135730153628008,0.8628440748488235,1.3183296621190752
285,1.7630415014800997,2.622242008583982,2.210369916215013
286,0.1987515807246281,0.2290360120424456,1.5053110847510756
287,1.3188826397111917,1.4835336546460227,0.42237166339883697
288,1.7261095828361634,2.223438262867439,1.239157381133579
289,1.3461173450417159,1.5126490523100966,0.4373080103224732
290,0.16702931894131107,0.16000433911460882,1.3510343230561075
291,1.0783498197233237,1.3311996029589364,2.04759633190549
292,4.053156533772296,1.6570738863116465,0.6748878681127766
293,14.969014775592797,6.142135197970904,0.8180885046204887
294,8.114797443808376,4.910445687650204,0.6587499181189854
295,1.715168728071619,1.9995064474416466,0.7671867659234757
296,1.5951598242645186,1.7918239604333042,1.0395344711212593
297,6.267262261584956,2.9649667910660065,0.6487570189144061
298,1.5473652426270013,1.96675069413629,1.0647749589447653
299,8.777759029576492,4.511620820687766,0.7516668751122919
300,0.9067065792057772,1.3397003133651721,2.815880446291628
301,2.461901557783599,2.413946404090919,0.9181795456692922
302,14.18200900910455,5.614599519310455,0.8301563757552596
303,1.6794362374699559,1.9735703686766124,1.3946893998919767
304,1.4571738157198229,1.5145283250236272,0.5568703563407743
305,28.059871235540275,10.393433142807462,0.8547555230986786
306,4.94917411323569,3.469806517912824,0.5988360920662088
307,1.6658146038000083,2.4689532043970215,1.2850138930865518
308,1.4432886390826323,2.0667353845219822,1.882151733905093
309,1.6264495493243007,0.7983640118202664,0.41842479583137365
310,1.7059066147830797,2.1280492573896628,0.8994311612505292
311,1.3580004248802264,1.4473561659239145,0.500917113046351
312,1.4351857203149183,1.3154224905169878,1.230191649419705
313,2.452902057795828,2.1729695536896605,0.8219572898776308
314,3.1682300242524875,2.3426156525411344,0.5711348253812569
315,2.8881740931985433,2.0974445478257184,0.6960992780480039
316,1.93619538919268,2.1109586380794396,0.7001629733411805
317,0.7348549109440603,1.085245114454205,2.8289323669410193
318,1.0609773884444886,1.275434542166019,0.4229307314560745
319,0.3621436461281434,0.4498728405528416,2.134515129985376
320,1.7445730265023573,2.3091782576500974,1.5000850408334068
321,2.07707344369105,1.8552584453264755,1.1198090289067766
322,3.2422168989208506,2.7778094796950072,0.4850592512875553
323,0.2423882328699877,0.30497567455981167,2.1205530205876753
324,0.3916540710524453,0.3752553073640137,1.3441673157920377
325,1.7366077645464468,1.6890296472598922,1.1363003507604683
326,0.9907536870938989,0.9023283404968541,1.2478308695654161
327,0.1885900064478408,0.26339909344737156,2.071417650192726
328,0.03286223737781539,0.048336119857667656,3.2347352932944453
329,1.707750505233795,1.590078978473035,1.2290343984474497
330,2.2397196032605784,1.7500033286006083,0.6734001389088495
331,1.880803217894593,2.3967393426443317,1.6100324781371904
332,0.6917621449222127,0.8396717653920182,1.884209248036865
333,1.194811886450937,1.7682317786178459,2.6671959612239
334,2.076694428186486,1.7389056660428648,0.34404294069793667
335,1.6047171760882546,1.6312841495234203,1.0676949904773039
336,1.7492563482456038,2.557253357272853,1.6858654109980007
337,1.5965623475553257,2.3385930365451317,1.2056108105450092
338,0.5942412306318979,0.591377895475171,0.22190144575120788
339,0.154628347573272,0.22808622969941264,2.92463317326958
340,1.8993598579201567,2.8498398706882386,1.647488568576707
341,0.6388182441598502,0.4695240843612687,1.0484893507711182
342,1.9237570502945796,1.2511489876416726,0.9418397647164125
343,1.1180807115038813,1.2246532831734862,0.40843151102043906
344,1.795090448620677,2.018900590544583,1.1861445333699607
345,1.9053814928898734,1.9914171564803185,0.9064053468268694
346,2.559914506072654,1.3714439939769483,0.690711745222585
347,1.1555736589640049,1.1396952394163749,1.2119107950786188
348,0.6698402750677889,0.6429052362691466,1.2937098584617501
349,1.9266389732731044,1.6997299941315616,0.7027351725454597
350,1.7009683757640406,0.7486329956686641,0.42115245887684294
351,2.0794712796375925,2.546612200622135,1.2260389325405747
352,1.3161438345665017,1.5554609561766732,0.8919907405797232
353,1.637247248355285,1.7497642702069551,1.0656801887161949
354,2.259399680911479,1.830217738101057,0.7238679827159109
355,1.9922799811009935,2.518468562480324,1.519709134063697
356,0.19173837838757563,0.27884846674753205,2.2700229498166133
357,1.651835850096205,1.2421412612753344,1.0222869124844023
358,2.1558924929777588,2.03338768306779,1.1745443060422294
359,1.9180860150787749,0.9973284099085268,0.4977702391303045
360,1.4596387635819084,1.3627426914431404,1.259035767854351
361,1.5751334151445493,1.685779780202274,1.040013171623538
362,1.3549604152093795,1.6056469285534969,0.5626947261516527
363,0.02939500357573389,0.02815576168525544,1.3259541841471276
364,8.242680433879055,4.3266140880628035,0.7527869287843568
365,0.9322003163980097,1.3694538606968751,2.323185856959881
366,2.405667915097137,2.1906894486665163,0.8820741259982168
367,0.7144582853108172,0.4444784100045159,0.18289265826616588
368,1.3323540081104643,1.9247258717078022,0.9359484897247053
369,1.8618955229206997,2.3371493212781345,1.1844149946939397
370,2.1486309487264275,2.2473770192947926,0.7617453089642802
371,2.217354550832239,1.7658285625897086,0.6552731672352131
372,1.2182919261964849,1.7669178655757873,2.062353138495569
373,1.239472564374606,1.3726069394005491,0.48486827063218807
374,0.3658380961388976,0.37058957591725306,1.2660978501100524
375,0.1145011230896643,0.16796891960791507,2.4103585056786256
376,15.817137794266376,6.31215726205992,0.8259157117264134
377,1.6963714816833873,2.5011426167360615,1.9495033620401128
378,2.9361431665624003,2.1240854273984273,0.7397372892076364
379,0.5671113538676111,0.7008388238562174,2.117759368627884
380,1.4429427288726224,1.39038459190801,1.2226466563709486
381,3.3672451261227225,1.758159031913135,0.699776994805367
382,1.44937049646924,2.090563877030461,1.0445917922151
383,2.2798279696077506,1.6496332868984864,0.5795049489120282
384,2.428714589341141,1.9813831035001856,0.41161196339806033
385,1.7587799826150365,2.1904756941081187,1.857699449602155
386,1.3813505030795967,2.0400739275553197,0.9787727714971562
387,1.7014826600859547,2.4484284120465167,1.6354038639799582
388,7.245220618250862,4.343456959528915,0.6685212336852348
389,1.3587619118769512,1.4914022371588493,1.2670016352404052
390,5.865692654721196,2.605647026228567,0.6669693830778209
391,0.8225532259028308,0.6313591707878157,0.3040032852976567
392,1.7102038786477003,2.0132584010996926,0.9808879649221887
393,1.39759007871646,2.0441706569819984,0.9944165651461078
394,1.2381188680106445,1.5345659318327478,0.5525226892919405
395,1.07249637832384,1.477426585888868,1.9358001573607444
396,1.5524150414178388,1.7480440731543754,1.2797957512698694
397,0.4953060588974817,0.5441758066583533,1.3571710797672063
398,1.588585043687354,2.340230437858018,2.0510060240162065
399,0.3780415555160769,0.35074893728141276,1.30087597556279
400,1.7544997977616976,2.636810627128419,1.3772240738850001
401,2.5165816806813575,2.337275414934568,0.9654224318813741
402,0.7456782881109387,0.7496388915607903,1.2460494937341102
403,0.29211557450982933,0.42985444345843493,2.4933964174858776
404,1.6634986372903153,2.2318772169566126,1.2723928023438458
405,1.7104078344908848,2.1528083226940637,0.8523654130851995
406,0.8262616673540373,0.9575013834110921,1.4947334800435124
407,1.4849174365547178,2.0426398089600823,1.0705474538233952
408,1.3514993479575343,1.6942304574327574,1.985191576403419
409,0.16853031473296576,0.2011340397372501,1.7171742843029263
410,2.0641146425966297,2.5404106436438196,1.1738539929683316
411,1.6639611427964023,1.5367452151079413,1.2209168967019421
412,6.60250730039784,3.557524853656214,0.6201176374392093
413,4.4194189746483605,1.8045645226212617,0.6893824534091967
414,3.4438826142620202,2.2989057836618016,0.751874777236206
415,1.5248979574213788,1.106174180166078,0.5263537405778306
416,2.476398176881714,2.269759688025753,1.0205367638916987
417,11.92274211275559,5.490564946477913,0.7809001101348048
418,0.7932605730112345,1.147298952385594,2.1532242151304675
419,2.2779313102333676,1.131011857901968,0.5304739264397533
420,1.8059497322945426,1.969703090316411,0.6194504518288771
421,1.4015135996920802,1.288648963479733,1.2380277418634174
422,1.4014178294802584,2.0077493907297814,1.9072141956157824
423,4.7196836867731164,2.923268427808034,0.6103215176983491
424,0.5231007651446534,0.34090246809675256,0.9956974330398625
425,1.2456521372398397,1.5601849845148634,0.5295193185268036
426,1.9539330367804943,2.285562560294866,0.9997489745390096
427,0.41973073072956973,0.522121515434309,2.1305604127200457
428,1.7757227434178702,2.6635114274429554,1.4152950152171377
429,1.6724883976762364,2.1965172406274864,1.2337826728881227
430,1.3496018925516353,1.624753954475274,1.6630179427691074
431,4.701286268597396,2.939445019275885,0.6077404250245914
432,0.8933746805647804,1.2209037404126206,1.9706582796126122
433,0.5636317736071982,0.5568944422264689,1.2545729640734096
434,1.2614329754090932,1.8091529609112305,1.9748917417560257
435,1.6139270007259645,2.3825209532222744,2.074587148851915
436,0.8840996283781816,0.6114128296724625,1.0126744790429776
437,2.361586784456076,2.4041065991487516,0.9196583421898832
438,5.883189630914855,3.1681091965476855,0.6199432130643309
439,2.183958206864099,2.065593140138519,1.1713783326036022
440,0.6770560490801572,0.9901325967102652,2.2941843588427178
441,3.1867240104755243,2.8080356905409727,0.47435928999324506
442,1.3957262084152933,1.6649375008258132,0.586802308647714
443,1.655133026668132,1.976267066338777,0.7396637739348151
444,1.7845497976031282,1.9429060984855195,0.7871393726954865
445,2.601699247591819,1.5266141306491716,0.7880445737897767
446,1.9154428463732995,2.278510716545044,1.335667276149388
447,0.19903597960944736,0.21570165495717247,1.3410234801596883
448,1.44474613905846,1.6583880085627487,0.5982123211356811
449,2.408940288046946,2.4096902627113788,0.8917308767177446
450,0.8209357775911394,1.2109912966808243,2.5007826666203363
451,1.6913755563085981,2.545864654745081,1.2911249088057482
452,2.27729318677705,1.5564161684594833,0.5050567952212659
453,1.0558301811437807,1.5060784990483218,2.016758806513734
454,2.5231311266145613,1.4675438122507365,0.839458153577542
455,0.3483950005266972,0.4886344667609396,2.072302506101814
456,1.3440286997969073,1.7541921844066326,0.9265311816381594
457,0.7174531202792328,0.9010768992664061,0.27854642021014087
458,6.05099150772357,2.9530577317279647,0.6413148668194893
459,1.3741835610286106,1.9750628069205036,1.9368825705666357
460,0.28745537618248196,0.4238176345337063,3.00191703234689
461,4.906394410152542,3.3675781352728498,0.5917154142012533
462,3.799420050747345,2.938325838285361,0.5441051052223952
463,2.33868976608359,1.3252434998202607,0.8759778624199105
464,0.5782553326510395,0.8531719372218058,2.9445919283178124
465,2.053446703416303,1.174403065315529,0.5473206119295939
466,1.7167958071735547,2.0437775949335832,1.0370011212711987
467,5.674635506094435,3.1621387892142456,0.6152150583997194
468,1.6483522806516615,1.9860179105800617,1.0677890615057046
469,18.58332245160557,7.318914855401371,0.8330502769953188
470,0.1265155259582992,0.11854824670387994,1.3236944994369677
471,20.728843964091958,7.743676502020404,0.8452562057838399
472,0.6547917877425139,0.7287010147238914,1.376674574509871
473,0.7485348719500542,0.9132519106718839,1.9612417814493093
474,0.9469406875992441,0.8852618152677276,1.2966234477068275
475,2.322004429922499,1.86063992374603,0.6592123435251286
476,2.3776402103272987,2.282564821516591,1.1222514273198139
477,1.896779766325912,2.038167178480393,1.0082083661645351
478,2.378056007485624,2.206603527561714,1.087403673262163
479,3.7554654593989545,3.073207323653581,0.5333027040821343
480,5.649073918278418,3.0939005444355097,0.6195935206288581
481,11.875212788093851,5.202455161014136,0.801221384908833
482,0.9912918365020761,1.0199117343336883,1.2377398295730064
483,1.5396661283054165,1.5989069951198454,0.578332864282966
484,0.9140527496870936,1.1168190593821,1.958940401537215
485,0.9293751492379398,1.023857724329232,0.34219382449355334
486,1.3664436954650954,1.287972544038158,1.2842363497385743
487,0.7659674838407282,1.0277571389190154,1.990797560102915
488,1.581028387724224,1.7840457533873384,0.5690156090312418
489,0.004148178613461855,0.0057434175386378225,2.060398081909774
490,0.8149151448301537,0.7786588673949587,1.3442500300054179
491,1.7785009090041783,2.3264626230519063,1.4560062166940508
492,1.8916325903322924,2.1479196987651603,0.9112122713292262
493,1.7533605281297164,2.6414824172658493,1.3680966302010609
494,1.239823806130743,1.2399453860805558,1.1994071568477476
495,1.7846290917859238,2.24139283651586,1.8145698181846923
496,1.150506089864499,1.4096710043260898,0.7817957592439566
497,1.8104610059281667,2.255289049558439,1.0494460184649879
498,2.061383105286319,2.209031045403721,0.7459092891761753
499,1.2768080326983178,1.8705845567248414,0.8888426623068099
500,1.8376523532916202,2.2983918736773084,1.068406738124201
501,0.10729490728798614,0.15808113751450553,3.0760684037792863
502,1.410844691024571,1.9590817867036912,1.0014817554590714
503,1.897228186478866,2.0477302127527146,0.9138164400993783
504,0.3460782244824279,0.5080461695094726,2.413744996344714
505,0.7303803341427949,0.9206085929637415,0.2845186120824865
506,1.7958355351294095,1.4293967148276594,1.0475481535112434
507,1.4841673356762575,2.161200530772437,1.9688061693782815
508,1.7189201297440055,1.938919669416132,0.6106102702929572
509,0.9104041019772701,0.906980232583049,1.23300890944187
510,5.484789791774928,3.700577892357951,0.6402801723412915
511,0.10282240415017788,0.15133375927204176,2.5130929343891286
512,1.3320921125172664,1.4199752707841973,0.5142656866494186
513,0.2399313881585231,0.3536599747168378,3.0296451238818713
514,0.8712222464880021,1.2759061751344611,2.277941823622005
515,2.1165856374720984,2.6243869190384213,1.375550812271277
516,1.4267320903047764,1.7708433576267846,1.980802102287976
517,1.3759525038862375,1.323712832002153,1.2961104353736037
518,6.559961861822742,4.0468712148475765,0.6678956599801611
519,1.6418191665329345,2.4388610836442295,2.4207626562820397
520,0.13696540073558514,0.20142513420273508,2.4811114983332936
521,1.796943676590551,2.251032079047214,1.8205096109924366
522,13.299920946274845,5.544917532857306,0.8146044474993483
523,1.7999859329756478,1.9971718740048323,1.1521293678263373
524,1.8016155776365228,2.6772277967793214,2.025468364706436
525,0.24537136144465113,0.36174271940356034,3.008455057343126
526,1.0927678974032924,1.3578673993120982,2.055845115360583
527,1.8095979949229362,2.681904474537139,1.8640893833829695
528,1.7655413781952969,2.318926530960258,1.4970070994267575
529,1.5425593847688717,1.6052373586507234,0.5779208333789285
530,1.7530058444343082,2.2064265385821367,0.8979997036825976
531,2.1083637156048547,2.053163997919382,1.0824274521097093
532,2.140943511727605,2.0973506130594624,0.9952908966874158
533,2.309608584931274,1.7628662753221556,0.7218408225284225
534,1.3717085676073915,2.03227726058891,2.62963798446186
535,1.6193665769925878,1.834396156884401,0.5640044077680784
536,1.3907592518846912,1.7093116488312063,1.927611533621261
537,2.819256976717714,2.0638441749716323,0.5883037062417019
538,1.3861083409438975,1.7999161653573188,1.8770208998025344
539,1.0606408628253623,1.200197592906559,1.383631476480759
540,1.7783079824357908,1.8238733305805555,0.578006265205274
541,1.3738751578537463,1.2602639910968847,1.2363174079864652
542,0.8262145023698753,1.2207454952760597,2.7487460062511566
543,1.1146282118158477,0.6930150450463595,0.9687105493582345
544,1.7138326861608306,2.211093866858469,1.7165747153830115
545,3.293529898273692,2.903386214610463,0.48444164870064504
546,27.35583331312321,10.068418964335066,0.8547103758979869
547,1.65174572647439,2.1974177966176547,1.2353249071547323
548,0.24699871973328247,0.3502339852128319,2.109213697903879
549,3.895790559503979,2.6112846081109153,0.6201720020564071
550,1.75926245677853,2.6009980481953594,1.913153472157062
551,0.16951207962646905,0.21146602255266114,2.137349572111314
552,0.8939017978625866,1.1469715373115512,2.022524452786092
553,2.084924544015593,2.6145218012362976,1.300442604778887
554,0.24919884506616147,0.23766099232530905,1.3581263017515703
555,1.2551798599899102,1.1908176271043187,1.3051633871433705
556,1.882105272140622,1.8018022820104382,0.7834687163085021
557,0.8317073023410837,0.8088310474106521,1.2494578081056376
558,1.7243423153718542,1.657358946424903,0.7124246625430052
559,2.4229066154829177,2.0313009127506527,0.7175201255920883
560,3.855907829860998,3.165433059711116,0.543067551412783
561,1.755014379303731,2.5681269772963,1.6821432248816408
562,2.079499599716862,2.5803436379279954,1.5525569332662947
563,5.5963608013593795,2.699752865662516,0.6535843204595201
564,2.4228191938993215,1.76859219508481,0.6813260447231552
565,11.942439608871265,5.090860593291109,0.8132480128308631
566,1.4225228426299303,1.623461706153467,1.3499214876539805
567,1.977679924667203,2.087715727515958,0.6794874095119414
568,1.7046433209743943,2.464204414593123,1.6688240008462407
569,0.06886666611186619,0.06626424779798419,1.2931166419124804
570,1.1955427952154487,0.6715897178356238,0.9465256900235002
571,1.8842637620976976,2.0317299287790203,1.0337000987963096
572,0.7570020851955174,1.117955821619361,2.839416293556002
573,0.7124542347322176,1.048072381715127,2.415948744152138
574,1.2451574532325016,1.5853104556017668,0.8500261340727824
575,0.514667179488107,0.758411897719995,3.0804545893364983
576,1.1348431300393984,1.6782863779738815,2.534172066985365
577,1.2618161958319165,1.1640521789672877,1.2538528988036732
578,1.7228931287653768,1.8520815872856726,0.5741160715839577
579,2.4207887636871215,2.441317062235724,0.9402960391661801
580,1.7061987888560788,2.533293086515634,1.3401911291169573
581,0.9435979344068268,1.1297778476992717,0.39016671828153826
582,0.7825418488586736,0.9142168379124384,1.5374829508947443
583,1.213496104653329,1.1978765476960784,1.2049873269275222
584,1.8700552368503534,1.0420290241089314,0.4938286691929281
585,5.175925921692976,2.0987461583262705,0.6922781642022854
586,15.536947183735814,5.982779659259733,0.8358403837423095
587,4.91645610557077,3.5385136628753653,0.631955545781944
588,1.8066963014711799,2.6885760460535644,2.124700273793712
589,1.5892081389368005,2.2024578343469328,1.6937358053481542
590,2.303101750242515,2.1274808035459984,0.3642344399089169
591,1.4102696554269127,1.3612450912570924,1.2154404373699732
592,2.2092195561083354,1.5896577811624097,0.6201317117622629
593,2.292982779003738,2.3500584513518157,0.8315771034483419
594,1.7511259206121987,2.604147218348252,2.229937416035643
595,1.4583072706759492,1.6311891896980835,0.5275122963891372
596,0.7617814108384817,1.1176998949039547,2.337913130592655
597,0.9777077196503495,1.445432687281736,2.68679436998986
598,1.686455128309608,2.098696703422582,1.8912557035254445
599,0.4145587778330657,0.5544954446678617,2.0301585693524062
600,1.566200960612975,2.0502268597014686,1.7729013206298145
601,1.6424941087305545,1.8340465786179785,1.0538680034624308
602,1.6273972948133175,1.841482680039119,0.5813376836442834
603,2.0575498382868282,1.3992348864276702,0.374905499056189
604,4.736766589961209,2.2948589839296942,0.6994605954584198
605,1.8817391603041986,2.309160040986686,1.655197220512208
606,1.902795961561151,1.9420119766640052,0.8529247967367831
607,1.415991898767497,2.1108795589192657,1.0088281678317217
608,0.6242121992449416,0.7894700166392792,2.0859352259035853
609,1.3892030965431383,1.4894036217472058,1.2242868179026278
610,2.066115436585582,2.5905248701419175,1.5635391272240409
611,1.7354354986038387,1.8491971981641968,1.0895063864457466
612,0.08704728046869181,0.1283107290566884,3.021270725333445
613,4.040129727687673,3.260096712181087,0.562453971662542
614,0.9640153258879351,1.0661667222485176,1.3370444433959894
615,2.5048897985266305,2.402939392228873,0.9550885643000026
616,1.1558141247761706,0.5691438013583225,0.3003738038696288
617,2.354705577795734,2.3969133078878264,0.872334594291207
618,0.577100126644614,0.37070768528537196,0.9900119110187708
619,5.526209423353231,2.5086998257913935,0.6706582125964189
620,2.1208803793773052,1.730230563364064,0.7023534589635577
621,3.4188675369997594,2.466982145745966,0.5898042696377298
622,1.6387867019385203,1.9483242494022301,1.0575029512790894
623,2.1713272629652693,2.286274810907197,0.7899762450631693
624,1.8786752828734639,2.048966836458619,0.683113682915107
625,0.45613674356097406,0.664561429904747,2.272072809726003
626,0.962226802272026,0.9234607015955233,1.3285899724280519
627,2.7552832978793886,1.427092104956368,0.7581882691712455
628,0.5573967695229237,0.8184762775129848,2.3940517398017875
629,2.055964043924178,1.3833097493071669,0.574864040697454
630,2.1234192324020005,2.2508779016367084,0.7652195352991235
631,1.6378630842506803,2.04207885810433,1.9084066966106452
632,5.221280946183646,2.6799499812785115,0.6521316288576702
633,2.2647992588532886,2.220548223332643,1.1159732464623306
634,0.7411222798695261,1.0825024747442291,2.264584918913929
635,1.7907172487962413,1.7980157975791236,1.0756660332941428
636,1.6244886925022142,2.4126281052935954,2.436605486837241
637,0.46781710869128745,0.264811014946142,0.9604120684901527
638,1.2371219639395776,1.3681705906771062,0.4489562472435202
639,1.5822005710432672,1.7404708720966207,0.5751000686534995
640,2.5029151868649215,1.9819834875093072,0.8899757291719271
641,0.13223830918724852,0.19501554547954936,2.635097665985424
642,0.821738801945711,1.2129852336491405,2.9350962573610238
643,0.304630980318215,0.362474464423895,1.6873546698569215
644,1.7039383137964854,2.0098264387182216,1.0442932887841818
645,0.4413559270110707,0.6509745877661318,2.9675895049590424
646,5.012302892587654,3.56476406861936,0.6418987594270176
647,1.9244512664205509,2.422480671551528,1.119681616726057
648,4.3948403849892355,2.1106703134387788,0.713547248302381
649,1.7415919166522942,2.6171650657956746,1.3596631998850752
650,1.1904145754223656,0.4912010644187067,0.30019601624805103
651,2.335782760286873,2.2950145877269374,1.1124164604690603
652,1.9087765319803711,2.4006805876639334,1.1839886738706797
653,3.113247309706639,1.9013072220907625,0.7300141870812501
654,1.8119790381513647,2.289954662088969,1.7598641065056806
655,2.40922638736256,1.9745935757898276,0.6847117101694445
656,1.1864057325437742,1.232995526490059,0.4282980825862539
657,0.06317287136516876,0.03758895004133176,0.9718201577267523
658,1.920662203951158,2.416522196032748,1.168379499871204
659,2.3540844340915608,1.3899006239745593,0.6446386294423191
660,2.007265668230766,2.388274164571102,1.2124608525810114
661,1.5529054559877686,2.320325875435149,1.1423294996938997
662,2.292085690825422,1.6568142247736042,0.5655521995500896
663,1.7708575761767775,2.6058731711809107,1.7582991973289663
664,0.2399333643069128,0.3538828417510633,2.9468952117444003
665,1.3252870032222226,1.9538861954479179,0.9295948431916582
666,1.9887723647008309,2.0369519114403647,0.7641422551932485
667,0.6600260338991679,0.7986112112131396,1.8414275731086682
668,1.5749733860785669,1.8560359728571914,1.445043009280792
669,27.268370817238747,10.02781367298951,0.854711725036363
670,1.6758708039883738,0.8026678855279695,0.3959882254825808
671,1.8540865717817658,1.9884529364846517,0.8445204427602349
672,2.25052808821714,1.6264475533162954,0.6098341529193008
673,2.2023137301224263,1.4507834038270198,0.46667480169682773
674,0.40016263018374154,0.47582995151849816,1.6778263214237152
675,0.3561405984939129,0.5245322140539547,3.12127634181083
676,1.5781071621790732,2.340453277483775,1.1749860026927041
677,2.3076577797537783,1.8185493640718733,0.6425083627254596
678,1.7436580348688053,2.5583772444688244,1.772891056429451
679,0.8295326552674531,0.7971961524768241,1.2792332957562875
680,0.14411896438711477,0.1368104059482396,1.350601177681191
681,1.7154447095876375,2.4909228910777257,1.6891233058469741
682,1.3602595529182793,2.035634730871891,0.9583728399551887
683,1.5423781225180655,2.0275442324164894,1.7772711333045648
684,1.1462624838827131,1.2552206178358034,1.295961813285922
685,1.430654959003177,1.3214186125225897,1.2431732670313997
686,1.7055576552501788,2.00280748818936,0.9679460949053748
687,0.643365817433534,0.7867238017995306,2.01384512846437
688,0.6257983097674235,0.6473983494309309,1.2687483784259463
689,1.9111281084592695,2.230107584051425,1.2323706089490019
690,0.46272131426340013,0.5195559184221479,1.409732998434853
691,2.0485479014868155,1.5793026035786215,0.5996420100531709
692,2.3061168069369113,2.3461206153812264,0.9108647778320181
693,1.473269749430468,2.1766323230324436,2.2220985475172137
694,1.865413394282947,2.39308998151041,1.480887292542239
695,1.7609752173940414,2.176223044849804,1.1130240345814932
696,0.278686000308645,0.41036540911803354,3.138741199251763
697,1.786170435600976,1.8927363860393724,0.9160966644839158
698,2.402407226136963,2.40962962903551,0.889820762795842
699,9.378896995741714,4.911022050627428,0.7311520121810428
700,1.7616994016343985,2.6447994842471605,1.391063244674979
701,2.939936753075046,2.713658215154046,0.44098861936319794
702,2.07732138747874,2.6089653111880238,1.3110982100340611
703,1.8621101536611357,2.3030936309983536,1.7696268292073323
704,0.7879464969347514,1.1478227417814655,2.221666910323133
705,0.21193860530191716,0.2029220211546981,1.3602207140671365
706,1.7692250403242,2.1930306281322753,1.1234213226493233
707,2.3807406812522633,1.6977839061928077,0.5929552070994705
708,2.1336472490355383,1.9774769020607152,1.1558436608573968
709,1.691212368033868,2.386233450683712,1.429715531939627
710,1.959055553458142,2.3291616600350986,1.001518109120446
711,1.9440072230089758,2.2153773866322672,1.0652581410237214
712,1.505292790046157,1.5409662053961226,0.5405548171707613
713,1.4546585981765583,2.11396240165016,1.0495982695968382
714,1.6935999627583345,2.0450078305112718,1.0736907922078696
715,3.1163905875837443,2.39405492396197,0.5262190525857663
716,1.7887482889553894,2.6461339032473625,1.859676771164879
717,20.023462270240767,7.454894666705597,0.8449607362975133
718,1.8052815780049802,1.4084784186620551,0.6046921419681539
719,2.4664626944583183,2.4397410162655473,1.0309795388039589
720,0.36816954568640003,0.4380141970142692,1.6835344460310748
721,1.0738792627021492,1.1462985282775966,1.2650602572797833
722,1.7186728398149191,1.8180612710481805,1.1211952731157486
723,1.0551386223897798,1.239714590287048,1.5369841110505766
724,1.7193888770779773,2.206789660832711,1.7379300763411623
725,2.4663412916892615,2.1649427210096013,0.39724889807223784
726,4.637600878788242,2.102320207079136,0.7050821493578557
727,1.8953894867209797,1.9611863002423398,1.0813767544569786
728,1.678495353886705,1.9414304281242614,1.0506158066082496
729,0.37253035442915644,0.49555016331481194,2.035438956749337
730,1.3727313382343518,1.9638685802949942,1.9151497314832489
731,0.9925249457876867,0.9011293008205764,1.2426706891367871
732,2.025244144612583,2.0001536581660577,0.8993279722699976
733,2.378543789059339,2.401665115382363,0.9557337457628915
734,4.442481288262864,2.174655513913174,0.7130774699489929
735,1.3743401776229596,2.0362311355916445,2.6257681935267967
736,1.5152763913946818,1.6695649860731652,0.5504645251538299
737,0.6369962586197635,0.5701595595739289,1.2333002831916504
738,0.7432357349931177,0.8382198241821086,0.27632597009575655
739,1.839946962406592,2.109822312148385,1.2168381486509467
740,1.7116139436864186,2.050936029647091,0.971912420912798
741,1.784516564039222,2.6547790255401367,2.167381637404096
742,4.619154429175335,1.903685443243942,0.6950465160686297
743,1.7731846047171005,1.675430744032544,1.2446990218914604
744,1.8195098115227792,2.7092388560271408,2.150509457851672
745,5.7041329979656545,2.4973896290745383,0.6732017919412814
746,0.3466388591271505,0.45090241403343995,2.0577875412145668
747,0.12544539007415217,0.18463003947121254,3.17940963388585
748,0.4787533138457249,0.6933865637097653,2.2091213419263416
749,0.8193984635649009,0.7238287180153469,1.2086042881686534
750,0.8704071419494973,1.185852371167975,1.9736897807946099
751,1.9956946058162812,2.1187375973705462,0.7389223155216352
752,1.0598425386215211,1.0812396532847797,0.3106160193546067
753,2.4167349305321726,1.655201123833842,0.8873556585460559
754,2.076670006752606,2.220107767371282,0.7503235399995316
755,1.5851149966943079,2.3396550955439404,2.099052515730991
756,1.3594463065363793,1.6912199691649965,1.9983852617470585
757,0.09613805873318743,0.1414347998916702,3.217759861942789
758,1.516875114050728,1.5865380421640023,0.5657247929739657
759,1.3070159086058561,1.9280878914143214,2.283308160071115
760,1.886843701293499,1.8263165443988054,1.1409976364185392
761,1.8474134521219987,2.7467215821275777,1.8809685734734278
762,1.8259420772548915,1.7639923199110876,1.1827757500525657
763,1.5752146940815737,1.9097406004153497,1.668277961955616
764,1.5377833698207974,1.7763263365416149,1.364158757412448
765,1.8447674246946872,1.347788895742962,0.9925629843358763
766,2.2902800191623873,2.3253895816913315,0.8180604776140572
767,1.9950968854386113,2.3895028956501703,1.297294658167601
768,1.8795341828338032,2.1392680560047577,0.8967941026635781
769,0.259566797977074,0.38121857415967075,2.4328231972782066
770,2.0537831583786392,2.027496480794029,0.8916656086453821
771,1.934962069161662,0.8880303422064424,0.48185755571604283
772,2.0823553094180665,2.54666861049241,1.2550867882502164
773,0.7439924433505429,0.7158315437819974,1.277272233874832
774,8.4789008357622,4.823333011744597,0.6910346378300665
775,0.9042455430103146,1.2795820475610007,2.0240446164529033
776,1.2330001665994264,0.8180583749605607,0.985682675851272
777,0.983739122099497,1.230073427136836,0.39647331426413884
778,1.7196235279593939,2.587998457127492,1.326738693085593
779,0.08803902112631681,0.12887559246329203,2.3664367595205174
780,1.8285734281035277,1.4265424886929523,0.5288424065928443
781,1.8426726723824938,2.2655157742683256,1.710291418007426
782,1.1907332532693136,0.711208622507813,0.9563524387173667
783,2.423099841227928,1.9941656882065981,0.6903299985217868
784,6.117712082692623,2.723643396099513,0.6653907661164828
785,1.883134902515293,2.404346724626711,1.4055297128872155
786,1.87967980901772,2.3291645058548527,0.9487923201355472
787,1.1149101616654882,1.5076393403187411,1.9181881644507586
788,1.8193881706394592,2.693295443468493,1.7432159101306104
789,1.425248627848488,1.3884892330260066,1.1888070979875414
790,1.1696669954567114,1.7119293591673657,2.178920168229665
791,0.6664821217976663,0.5670675045511725,1.166044561279617
792,0.72074236613051,1.0640801149457506,2.882678719628387
793,1.3490845690084312,1.7951955819405943,1.8510107610785045
794,1.77600323944282,2.6368826171429776,2.040763341915314
795,2.4855065720862126,2.407115774375929,0.9323375239028856
796,1.6445415449150518,1.8301603340647672,0.5954722521040493
797,0.500362228355516,0.7381551773319812,2.9482143451316776
798,1.9551873653548544,2.472007546406505,1.3296648992377518
799,2.454451208444567,1.348903185368472,0.8609727128411748
800,0.45419004570347427,0.6704548819403015,2.7996740133936338
801,1.6924374415363983,2.451114086589955,1.7129169483587783
802,6.913280915767114,4.1727791436943145,0.6734868072593263
803,0.7340744749256073,1.0843156539569052,2.715710793559981
804,1.216814202314757,1.150727207993441,1.302135629559878
805,1.740328593864286,2.533291244240945,1.5055493885018503
806,1.6887476183025418,2.415541599422644,1.6255822918799117
807,0.7981185114299777,0.7923030625739368,0.2915175602024782
808,1.8661365476222675,1.9124216244229502,0.8138310863921477
809,1.704237545666207,2.0390811889218994,0.9581610256311258
810,0.34254087275007766,0.5052249134583345,2.622166080895314
811,18.69501179256751,7.311450630284142,0.8344604727013897
812,1.9932267698067372,1.734159918278812,0.6759433507600954
813,0.7091964777797882,1.0462263720367415,2.9853348548088428
814,7.749690178404586,4.589239793378517,0.6704872603715695
815,4.327601882034799,1.753931030582692,0.6795243156783948
816,2.7470586034803652,2.173074302425738,0.4734321373931513
817,0.037746117944359114,0.024204769068966417,0.9933312293968222
818,1.7214138155407126,1.9061808688148214,0.9223936226196983
819,0.729021962731622,1.076810944355723,2.6988128730147785
820,1.6935974368999556,1.979152954099472,1.0471122067536403
821,1.716067785063998,2.4671996134294436,1.5577059550420982
822,1.2440790842752587,1.8417305543910816,2.6148169323769364
823,4.491871975108797,3.3255434984639263,0.5831180716473141
824,1.653761952239708,1.6976937686776874,0.6289958225595055
825,1.3977681726216944,2.038701693250918,2.0356646910462572
826,1.6696707285769217,2.5199450476946463,1.2606797488190296
827,1.016759203494844,1.2095906371434781,0.4003922435948644
828,1.3189110636502486,1.9533674582470335,2.6382489041018786
829,2.100400474489488,1.5225259376094822,0.6371167440487296
830,0.6360514343212353,0.9169095245015141,2.1548578857229588
831,1.9672182031345535,1.9626778081094047,0.8900122426920631
832,0.8796108638793435,1.299896821151858,2.7293440662913797
833,1.0604633376872263,1.5678540477801033,2.788206879107226
834,3.082392245400556,1.703617560545515,0.6883515388860985
835,1.606660785001806,2.127814321766311,1.1696147296141655
836,1.3499456854939136,2.0180189153749515,0.9495809398192276
837,2.019834770999605,2.1648171120243163,0.7136591690071293
838,1.8637108793551358,1.7122857128890374,0.6442810306487798
839,1.3645163446847752,1.3124912936795066,1.3038485064647083
840,1.6874512116956533,2.5079749551403054,2.357905268240584
841,1.6083037416403065,1.8121743021333199,0.5742951371347589
842,1.283742929418557,1.8104800809450974,0.8929388381518735
843,0.7737097582146578,1.0625217884668312,1.9945696460160942
844,2.367062352400936,1.6690275650178426,0.47139096951334886
845,1.8405846281977685,2.7694831795237307,1.502947107489143
846,1.0866427370618337,1.605613126759888,2.485452511560735
847,2.208553884804425,2.1811004989481044,0.9696732704436046
848,1.5380252496345446,1.8973833930659934,1.0365017825838896
849,0.11040991209316718,0.0686051761782364,0.9832794567827858
850,1.3250747087307109,1.4053411226549468,0.4914210552248972
851,1.6460737326479253,1.9980668995610096,1.653695113044389
852,2.1510307608273456,2.055099013763877,0.9235295064784236
853,2.058480165769005,1.6016907909115594,1.0048675067911124
854,23.612629094974896,8.593094798154675,0.8523779381453452
855,2.173722881450497,1.8860644593318314,1.0712707179632128
856,3.9372250118351366,2.6034439027471827,0.6286464496278459
857,3.5814678491046226,2.4484271935305912,0.660338993118737
858,1.651011190642936,1.8508356811409479,1.239040873288469
859,3.2664880242867733,2.57172515258818,0.5160808670514104
860,1.1950641437045728,1.554272127588042,1.9343247066832554
861,1.905670026483574,2.84764656987699,1.7850737536791628
862,1.6822755885690164,2.3896383369732317,1.6041756188338208
863,0.12915737031570576,0.1899844033729742,3.230754749029559
864,3.0153807273784046,2.2552626462416336,0.5529536708050805
865,1.0756993472494134,1.5905247706158632,2.780730568821436
866,0.08591364117159675,0.12641409701540476,3.202790423299326
867,1.7312204729766127,2.5113568196866924,1.493434154919072
868,5.9706450508117666,3.3504036591705253,0.6104710585964491
869,1.4535106132492164,2.155002113207983,2.565820382273462
870,1.0633121288910319,1.2922833487982281,0.4266524318002071
871,1.7560213447648978,2.582545664507204,1.7890068416878855
872,1.7581770601121183,1.6981355977357577,1.2454056614512719
873,2.3458449425725623,1.7779097616169905,0.5958673003573921
874,1.696729660151093,2.3982198180106886,1.4709318476407025
875,1.9637695906600083,2.4604823437061865,1.073482151835781
876,1.6946076368225433,2.5540238280038254,1.292539465626193
877,0.5994109090998555,0.8355039035744083,2.0369493273979415
878,0.6701717957071233,0.9885685229885803,2.5494656573022447
879,0.3687060726685651,0.5441774751056996,2.8240101004880374
880,2.242163682847656,2.200037506444063,1.07463664845904
881,0.6429560864361773,0.6166265345746329,0.17498996969873024
882,2.1112402415309357,1.5757584754547174,0.6206555924864745
883,1.6822997888286473,1.7411941336124912,0.6827447239357319
884,2.513431284345189,2.373112566671429,0.9917238286750834
885,1.3169218339620996,1.9486666777035104,2.424829130107658
886,1.7472043010365381,1.9419906958376745,0.631567515536544
887,0.9697410282023481,1.2123775950651985,2.0678910548644565
888,1.0239330949721528,0.9767411924101195,0.40184741645270033
889,1.7979258719357396,2.67632453078841,2.2033985909839506
890,2.448137746316672,2.1916164666190268,0.8360057851592501
891,1.7115517178401625,1.6715739891027186,1.1312562266493467
892,2.0883858708422003,2.063583483327887,0.89494182757286
893,3.385138867748708,2.3665209256792243,0.6746866431978318
894,1.9479395694969797,2.4451974563814103,1.0669488064763533
895,2.0452761359525704,1.6094672114307806,0.6081522860586536
896,2.1783572602015218,1.9454243446603534,1.1006578387290429
897,2.040066925619186,1.4793587397505668,0.6307549144871997
898,1.0036696985147255,1.4826924129370571,2.5182825711006394
899,1.5009644251682805,1.4056654232265682,1.2606204342118037
900,2.3951681419449717,2.033266663565653,0.7352967025167756
901,1.9691984192878464,2.48815433595253,1.5920957734820833
902,1.197012205818752,1.7691867457958073,2.4339622239140275
903,1.7081916935867991,2.4589213877355247,1.43823722796439
904,2.211185325909833,1.8486227818706493,1.0311456810058766
905,2.470771217321462,1.7173282160151144,0.7440035585460925
906,0.9137475937193601,0.5328689042168944,0.24190842487043152
907,1.6927900923512902,2.3421198810317003,1.4643841785122467
908,1.1769150578558552,1.666156501156819,0.808001099560147
909,1.6833193331775114,2.5410868961937036,1.2761218058035382
910,2.0246724825379756,1.4814883596351565,0.6405222893486332
911,1.744367613724719,1.9951308390943894,1.2589784274312996
912,2.488573189753027,1.771583736397632,0.558127132546729
913,0.8055300579781302,0.6358412991819701,0.30039145830077385
914,3.2893725403548624,2.2979767380258083,0.7222884699125678
915,8.527066275175608,4.545956051564107,0.7307440995560983
916,0.8947108741480213,1.3222618703033335,2.672913406671102
917,1.766407985502696,1.9674952890731365,0.6369955263616166
918,1.6285676502897082,2.418186725926824,2.351894571822359
919,0.21501793837982763,0.317248628734277,2.691621112282054
920,1.882441515656679,2.8206202202801465,1.627060639203965
921,1.9116491172520116,1.9136751959861875,0.7702464916284131
922,0.9425249539275544,1.3932145350068552,2.684574594249364
923,2.4172530337242475,2.439644207144751,0.935416725134966
924,2.081837862104264,2.0440911626770326,1.2030854878376214
925,1.793158987679525,1.8450977718630337,0.7534530591468991
926,0.615262643514503,0.7764002000587156,2.091512421287058
927,1.6857567415588295,2.5392901172072473,1.282930966917831
928,0.7246402156507133,0.9202667135181111,2.0667114764579764
929,2.1357113861967223,1.5806713131452206,0.6682987734102702
930,1.857781846418333,2.2643039187381366,0.9073741158027532
931,1.1875478502231955,1.664560088645662,0.815736045981588
932,1.9124040250976533,2.302298743614059,0.9496086425696398
933,2.5556878242480012,1.3517989708949645,0.6836310378677022
934,0.8597899897882318,0.8241135555510364,1.342886011464574
935,1.395105326673497,1.3872618772780985,1.1776340265071978
936,1.150763506717443,1.6924818462160014,2.2753982194449884
937,0.4716074674182139,0.5599730390600329,1.662630756488753
938,1.0588504470150635,1.4883156751375874,1.9699817205802188
939,1.7029907269828979,1.9937425759399232,1.3671452022519537
940,1.2477295553142678,1.845566178790035,2.453242559947397
941,2.71594673087448,1.9791537560148635,0.6848028884196579
942,1.3460169266749535,1.1586514426410432,0.39001296614339526
943,1.7480390268709203,1.8461532793452107,0.8629953483050737
944,1.2562933663788616,1.3550037318750945,1.2552190045467984
945,1.7782866185991184,2.1258078130554834,0.8271950938818565
946,18.010805218251765,6.689902965474328,0.8439660281001701
947,2.1171175346408724,2.6259625838687572,1.381687354925224
948,2.1104828300703886,1.5591738730741165,0.6016910541037843
949,1.3551962796947932,2.0029667289784605,2.3252272677913535
950,4.222036397061979,3.2886201706859075,0.5724368543071483
951,0.271335984208167,0.33033964011333355,1.96920074046848
952,5.6346946439056955,3.7512972885496647,0.6299077553904715
953,1.8601602726034119,2.7674405500944546,1.8362627541164729
954,2.592341178840046,1.952995766803152,0.7667732207846084
955,2.199055497487297,1.5465034508577138,0.9379620126974516
956,0.18971966989156921,0.2799324776513073,2.703874786646175
957,0.861052185255395,0.9350001593287894,0.31470357194338594
958,1.9297387066800813,2.8877160715700088,1.8306967616768948
959,1.7254655099869847,2.546132349598365,1.3896891460278171
960,0.635157435922152,0.6091639850817795,1.301739165280401
961,0.7732073724576947,0.9532313060695883,2.0881756591917644
962,1.289541223397721,1.9158691914321269,0.898917740674779
963,0.09085135227130063,0.1340396226593565,2.877336943277285
964,1.3976434208241424,2.0964456776505767,0.9908982036832518
965,21.79917797888315,7.935379577462896,0.850530859088317
966,1.7547062301272969,2.255330874429017,1.698929090615367
967,1.0035355022559305,1.477999763270245,2.3692571188068317
968,1.7165349836119244,1.737509912322518,1.1194293931264159
969,1.9178916067838374,1.2910186497306455,0.9530874078398534
970,1.6290832782187612,2.083395216283433,1.1331516107300477
971,0.03615754630605226,0.048879875772486335,2.043834093158728
972,1.9573867195341903,2.4609835540252134,1.0963328588414816
973,1.9240087050527446,2.40868243224318,1.0226299429054304
974,1.6983540318419628,1.8903899057992877,1.2057771347943738
975,1.993628087848219,1.9540663594519116,1.0141661576061658
976,1.451451196707119,1.7988353621655988,1.9716016732978598
977,3.6893143323216013,2.451690847603254,0.6832211759305918
978,1.9174406466923941,2.1319714501646723,1.0364990866649062
979,3.6729271245373116,2.533758723217608,0.6195269713233647
980,2.5774138497626935,1.5308448709910258,0.8119561829907364
981,1.848190810704269,2.3321750653067186,1.2347466044302502
982,1.0451239705120987,1.5359801319327024,2.2973789423054773
983,1.4649849015175163,1.3940523628777788,0.5237772841164244
984,0.6988560751774394,0.9618407571338172,2.0075424837524936
985,1.3238253280185055,1.3862958030254946,0.4164112369105644
986,1.4538665472180505,1.7930227571962731,1.9449374813708435
987,2.3005766506571423,2.288572064368327,0.8064275379039251
988,1.5425907567122479,2.234926354089656,1.8850534122717817
989,2.141146803432727,1.2988554738809315,0.5825175609652563
990,0.3091214445238219,0.45601110654974725,2.9255401811683264
991,1.649808052112766,1.2806533732442416,0.5708065198852308
992,2.270980233156021,2.2127348894973995,1.1618640288476711
993,0.7353741543522413,0.9351355240383464,2.0626682265600063
994,0.11292576719073458,0.1642291619002298,2.2725490273346507
995,1.6839915104831111,1.9793566239887366,0.9261295060253447
996,5.527216950322939,3.704042362013472,0.6604849017069749
997,1.2871018392743427,1.3544874041106159,0.4022697644247928
998,2.388642934982649,1.7841373646890366,0.7244347707781652
999,2.4398498580026544,1.2663919397948247,0.6383414262336339
